Piezas: ,Centimetros,Pulgadas
Pata,20,7.874015748031496
Tablero,60,23.62204724409449
Puerta,180,70.86614173228347
Estante,30,11.811023622047244
Panel Lateral,200,78.74015748031496
